{"cameraMode":{"drawMode":0,"name":"Shaded","section":"Shading Mode"},"sceneLighting":false,"audioPlay":false,"sceneViewState":{"m_AlwaysRefresh":false,"showFog":true,"showSkybox":false,"showFlares":true,"showImageEffects":true,"showParticleSystems":true,"showVisualEffectGraphs":true,"m_FxEnabled":true},"in2DMode":false,"pivot":{"x":-0.048056866973638538,"y":5.0025315284729,"z":0.002039968967437744},"rotation":{"x":0.11226330697536469,"y":0.0008941413834691048,"z":-0.00010367129289079458,"w":0.9936841726303101},"size":0.4330126941204071,"orthographic":false}